{
 "total_steps": 20650.0,
 "best_accuracy": {
  "data/fever/fever_dev-2class.json": 0.908865886588659,
  "data/fever/fever_dev-2class-mh.json": 0.9363432417274257,
  "data/fever/fever2-2class.json": 0.6340533672172809,
  "data/fever/fever2-2class-mh.json": 0.6881188118811882
 },
 "best_step": {
  "data/fever/fever_dev-2class.json": 4130,
  "data/fever/fever_dev-2class-mh.json": 4130,
  "data/fever/fever2-2class.json": 4130,
  "data/fever/fever2-2class-mh.json": 14455
 },
 "accuracy": {
  "data/fever/fever_dev-2class.json": [
   0.8880888088808881,
   0.908865886588659,
   0.8950645064506452,
   0.8767626762676268,
   0.8831383138313832,
   0.8685868586858686,
   0.8608610861086109,
   0.852910291029103,
   0.8544854485448545,
   0.8574107410741075
  ],
  "data/fever/fever_dev-2class-mh.json": [
   0.9212002243409984,
   0.9363432417274257,
   0.9284913067863152,
   0.9099831744251262,
   0.9223219293325855,
   0.9071789119461582,
   0.900168255748738,
   0.8920358945597308,
   0.8956814357823892,
   0.8968031407739765
  ],
  "data/fever/fever2-2class.json": [
   0.5921219822109276,
   0.6340533672172809,
   0.6099110546378653,
   0.6111817026683609,
   0.6162642947903431,
   0.6124523506988564,
   0.6073697585768743,
   0.5895806861499365,
   0.5857687420584499,
   0.5895806861499365
  ],
  "data/fever/fever2-2class-mh.json": [
   0.6534653465346535,
   0.6782178217821783,
   0.6485148514851485,
   0.6732673267326733,
   0.6806930693069307,
   0.6757425742574258,
   0.6881188118811882,
   0.6658415841584159,
   0.6608910891089109,
   0.6707920792079208
  ]
 }
}